{
	"name" : "Social Warfare",
	"slug" : "social-warfare",
	"download_url" : "http://beta.warfareplugins.com/updates/social-warfare.zip",
	"version" : "0.4.22",
	"last_updated" : "2014-12-06 14:00:00",
	"requires" : "3.0",
	"tested" : "4.01",
	"author" : "Nicholas Z. Cardot, Dustin W. Stout, Jason T. Wiser",
	"sections" : {
		"description" : "Your Ultimate Social Sharing Arsenal",
		"changelog" : "<p>0.4.22 It now works seemlessly with WordPress SEO by Yoast concerning Open Graph Tags. Your website will make use of Yoast's Open Graph Tags except for on those posts that you manually craft a title, a description, or an image. Only on those specific posts with the Open Graph tags by Yoast be removed and replaced with ours.</p><p>0.4.21 Fixed an important typo in the Open Graph section of the plugin.</p><p>0.4.20 Added some more open graph support!</p><p>0.4.19 Added a far greater level of Open Graph support which allows you to customize the images, titles, and descriptions of content shared on Facebook, LinkedIn, and Google Plus at a much more granular level. Enjoy!</p><p>0.4.18 Forcing all API requests to resolve using IPV4 for sites that are not yet configured to handle IPV6 requests yet.</p><p>0.4.16 Minor Bug Fix related to the dynamic sizing of the share buttons.</p><p>0.4.15 Attempting to fix a connection error.</p><p>0.4.14 Fixed a positions bug for the floating bar on responsive that occurred on some site configurations.</p><p>0.4.13 Modified the location-on-page logic.</p><p>0.4.11 Disabled all share functionality for non-published posts (drafts, scheduled posts, etc.). This will prevent networks from caching the page as a 404 since the post does not yet publicly exist.</p><p>0.4.10 Fixed a script call error that was occurring on some servers.</p><p>0.4.9 Corrected a few issues with certain PHP notices that were being triggered.</p><p>0.4.8 Centered the icons on mobile/responsive display.</p><p>0.4.7 More responsive tweaks. It now auto adjusts if the screen size is changed after the page has already been loaded.</p><p>0.4.6 Massive overhaul for the mobile layout. This plugin is now more responsive than ever before.</p><p>0.4.5 Compressed several of the assets and moved them onto a CDN for faster load speeds.</p><p>0.4.4 Removed debugging information from 0.4.3</p><p>0.4.3 Updated the caching logic.</p><p>0.4.2 Modified the number formatting on the share count to match the same as the button settings.</p><p>0.4.1 Converted the popular posts format into list items for better formatting.</p><p>0.4.0 Created the Popular Posts Widget</p><p>0.3.18 Refined and reduced the size of the icon file.</p><p>0.3.18 Added a reminder to not use quotation marks in the Click to Tweet shortcode generator fields.</p><p>0.3.17 Fixed a bug that was stopping the 'Click to Tweet' functionality from working properly.</p><p>0.3.16 Fixed a bug that was creating a design conflict when native pinterest widgets were present on the same page.</p><p>0.3.15 Fixed a number formatting error on certain cached results.</p><p>0.3.14 Fixed an error with the caching mechanism causing it to not display any numbers.</p><p>0.3.13 Updated the caching structure</p><p>0.3.12 Temporarily removing the admin notice.</p><p>0.3.11 Fixed the bug that made it impossible to disable any of the icons. The functionality to enable or disable each network's icon is not active again.</p><p>0.3.10 Hopefully fixed the 'two lines of share icons' bug.</p><p>0.3.9 Fixed a bug with the floating share bar.</p><p>0.3.8 Added the option to select no styling for the Click to Tweet option. This will be useful for those who wish to create custom CSS inside their own site's theme.</p><p>0.3.7 Bug Fix</p><p>0.3.6 You can now select the number of decimals places you would like to display on numbers over 1,000.</p><p>0.3.5 The location of the share buttons can now be specifically defined for individual posts.</p><p>0.3.4 Added documentation to the 'Advanced Usage' tab for sorting posts by most popular according to shares. This can be used for widgets or special pages that feature your most widely shared content.</p><p>0.3.3 Added two additional styles for your click to tweet boxes.</p><p>0.3.2 Added a link to the settings page from the plugins page.</p><p>0.3.1 Added documentation for the Click to Tweet option. You can find it on the Help / FAQ tab of the Social Warfare settings page.</p><p>0.3.0 CLICK TO TWEET! That's right ladies and gentlemen. You can now easily add 'Click to Tweet' quotables within your articles. </p><p>0.2.60 Fixed a caching issue on some server configurations.</p><p>0.2.59 Removed Admin Notice (which will be coming back eventually to combat piracy and made another adjustment to 0.2.57's update.</p><p>0.2.58 Added a 'Help / FAQ' page and an 'Advanced Usage' page with guidance for theme developers.</p><p>0.2.57 Fix default options to fix upgrade issues</p><p>0.2.56 This version adds a 'System Status' tab which will allow you to include information about your WordPress environment when reporting issues. This will allow us to more easily identify conflicts that may be creating issues.</p><p>0.2.55 Add option to manually place the buttons in your theme. Set placement options to 'none/manual placement' and place the function socialWarfare() in your theme where you want it to appear.</p><p>0.2.54 This version caches the results so networks are only pinged once per hour. This will drastically increase the speed of subsequent page loads.</p><p>0.2.53 Changed the menu icon so it looks cooler.</p><p>0.2.52 This version updates the server wherein the updates live.</p><p>0.2.51 Corrected a CSS style conflict that occurred with some WordPress themes.</p><p>0.2.50 Changed the capabilities necessary to access the options page from edit_themes to update_plugins.</p><p>0.2.49 Reverted back to server side stat requests and fixed an issue related to HTML tags appearing in some title tags.</p><p>0.2.48 Created a workaround for a facebook glitch that returned undefined instead of zero for pages with no current share stats.</p><p>0.2.47 Another typo. There are too many lines of code. My eyes are bleeding.</p><p>0.2.46 Fixed a typo that made a huge glitch.</p><p>0.2.45 Switched all calls for statistics to client side calls with the exception of Google Plus.</p><p>0.2.44 Disabled remote calls for share statistics for network buttons that have been turned off.</p><p>0.2.38 More open graph updates.</p><p>0.2.37 Open graph updates.</p><p>0.2.36 Plugin now uses the assigned thumbnail image for sharing to Google Plus.</p><p>0.2.35 Fixed the bug that allows curly quotes to mess up the link when certain types of apostraphes are present.</p><p>0.2.34 Added additional padding to the bottom of the page so when the floating bar is at the bottom, it won't cover copyright information at the bottom.</p><p>0.2.33 The floating bar now works at both the top and bottom.</p><p>0.2.32 Fixed the floating option so that it only appears on the single post and pages.</p><p>0.2.31 Update the way that the floating share bar hides and reveals to make it much more fluid and clean.</p><p>0.2.30 Added the option to select the background color of the floating share bar.</p><p>0.2.29 Modified the floating formula to accomodate a wider variety of situations it may encounter.</p><p>0.2.28 Tweaked the appearance/disappearance setting of the float bottom feature to make the transitions cleaner.</p><p>0.2.27 Made the 'float on the bottom' option operational.</p><p>0.2.26 Removed the changelog from the admin options page.</p><p>0.2.25 Fixed a glitch that would cause certain special characters to act funny on the pinterest share.</p><p>0.2.24 Added a default set up options so that it doesn't act retarded before saving the options for the first time.</p><p>0.2.23 Versioned the scripts and styles so caching issues won't be an issue during updates.</p><p>0.2.22 Changed the javascript to create a better resizing experience on different platforms.</p><p>0.2.21 Changed some class names to avoid stylesheet conflicts on some themes.</p><p>0.2.20 This twitter issue was because the hashtags were not URL encoded and it was confusing the browser in the address bar. This should hopefully resolve that issue.</p><p>0.2.19 Pushing this update to test some stuff on a beta testers site. Nothing to see here.</p><p>0.2.18 Attempted once again to correct the issue of Twitter always forcing an additional link onto custom tweets that already have a link in them.</p><p>0.2.17 Fixed a naming error that caused 0.2.16 not to upgrade properly.<p>0.2.16 We completely rebuilt the admin panel, rebuilt the options classes to load much more quickly, and added the ability to drag & drop the order in which the icons appear on your site.</p><p>0.2.15 The tweet button was ALWAYS posting a link to the current page. This was problematic for those who included a link in the custom tweet message as it created to links to the page. This is now resolved.</p><p>0.2.14 Pinterest is now fully working. In order of priority, it checks three places for an image: 1. It checks the Pinterest image field located in the Social Warfare settings on the post editor. 2. If that isn't found, it checks to a thumbnail assigned to the post. 3. If neither of those are found, it scans the page and allows the user to select an image.</p><p>0.2.13 Created a fallback for the color sets so that the errors on upgrading no longer occur.</p><p>0.2.12 The pinterest image now works if there is at least a post thumbnail assigned to an article.</p><p>0.2.11 Add two additional color sets: <br /><b>Full Color:</b> Icons appear and remain in full color from start to finish. <br /><b>Fade:</b> Icons appear in full color. When an icon is hovered, the other icons fade slighly.  <br /><b>Grayscale:</b> Icons appear gray until the social panel is hovered over.</p><p>0.2.10 When hovering over the total shares icon, the other other icons were failing to adjust back to their normal sizes properly. This is now fixed.</p><p>0.2.9 The math in the jQuery has been refined even further so that the buttons now resize much more smoothly on their hover states and the right side of the set remains almost perfectly still.</p><p>0.2.8 Although the right side of the icons is still moving ever so slightly, the icons now adjust their widths on hover much more smoothly.</p><p>0.2.7 Fixed the line-height of the total shares container.</p><p>0.2.6 Fixed a line height issue to further the consistency across multiple themes.</p><p>0.2.5 Updated the CSS to ensure a more consistent look across the various themes that it finds itself on.</p><p>0.2.4 The | character was creating problems with the urls causing the tweet box to not populate properly.</p><p>0.2.3 The JSON file associated with the auto update feature was formatted improperly creating an issue when attempting to update the plugin.</p><p>0.2.2 The bug causing the 'This Plugin does not contain valid headers' message on initial install has been resolved.</p><p>0.2.1 The automatic update feature was creating problems on some server configurations. We're happy to announce that the automatic update feature now works.</p><p>0.2.0 This version includes the ability to automatically update the plugin from within the WordPress admin.</p>"
    }
}